activation,train_accuracy,test_accuracy,fit_time_sec,loss_curve_len
relu,1.0,0.9694444444444444,1.3780035972595215,81
tanh,1.0,0.9694444444444444,3.8786683082580566,119
logistic,0.9979123173277662,0.9638888888888889,10.458039045333862,150
identity,1.0,0.9527777777777777,1.7881700992584229,124
